DMU,0,eff,effEATFDH,non,DMU2,02,eff2,effEAT,non2,DMU3,03,eff3,effRDMFDH,
[{'DMU': ,"0, ",'efficiency_EAT_FDH': ,"0.20731707317067938},",,[{'DMU': ,"0, ",'efficiency_EAT': ,"0.08640439077882589},",,[{'DMU': ,"0, ",'efficiency_RDM_FDH': ,"0.28861788617859685},",,[{'DMU': ,"0, ",'efficiency_RDM': ,"0.2130480206260612},"
 {'DMU': ,"1, ",'efficiency_EAT_FDH': ,"0.1934974747474748},",, {'DMU': ,"1, ",'efficiency_EAT': ,"0.08892243334140604},",, {'DMU': ,"1, ",'efficiency_RDM_FDH': ,"0.38641220390678577},",, {'DMU': ,"1, ",'efficiency_RDM': ,"0.199387464316932},"
 {'DMU': ,"2, ",'efficiency_EAT_FDH': ,"0.15974499254288443},",, {'DMU': ,"2, ",'efficiency_EAT': ,"0.07996361559362186},",, {'DMU': ,"2, ",'efficiency_RDM_FDH': ,"0.3618421052631582},",, {'DMU': ,"2, ",'efficiency_RDM': ,"0.21295504534716403},"
 {'DMU': ,"3, ",'efficiency_EAT_FDH': ,"0.14755944931163956},",, {'DMU': ,"3, ",'efficiency_EAT': ,"0.05558617740961136},",, {'DMU': ,"3, ",'efficiency_RDM_FDH': ,"0.35620915032679745},",, {'DMU': ,"3, ",'efficiency_RDM': ,"0.15844859116895038},"
 {'DMU': ,"4, ",'efficiency_EAT_FDH': ,"0.2397388059701493},",, {'DMU': ,"4, ",'efficiency_EAT': ,"0.08261266799188394},",, {'DMU': ,"4, ",'efficiency_RDM_FDH': ,"0.3836805555555556},",, {'DMU': ,"4, ",'efficiency_RDM': ,"0.24002470905428086},"
 {'DMU': ,"5, ",'efficiency_EAT_FDH': ,"0.27717391304347827},",, {'DMU': ,"5, ",'efficiency_EAT': ,"0.13796546080444294},",, {'DMU': ,"5, ",'efficiency_RDM_FDH': ,"0.5537399885583523},",, {'DMU': ,"5, ",'efficiency_RDM': ,"0.2509206567111213},"
 {'DMU': ,"6, ",'efficiency_EAT_FDH': ,"0.41768291134586333},",, {'DMU': ,"6, ",'efficiency_EAT': ,"0.12961851474295916},",, {'DMU': ,"6, ",'efficiency_RDM_FDH': ,"0.5867937635072553},",, {'DMU': ,"6, ",'efficiency_RDM': ,"0.29631616973410624},"
 {'DMU': ,"7, ",'efficiency_EAT_FDH': ,"0.15579289131920704},",, {'DMU': ,"7, ",'efficiency_EAT': ,"0.078492085907786},",, {'DMU': ,"7, ",'efficiency_RDM_FDH': ,"0.47653654485049834},",, {'DMU': ,"7, ",'efficiency_RDM': ,"0.21703612682926643},"
 {'DMU': ,"8, ",'efficiency_EAT_FDH': ,"0.3055555555555516},",, {'DMU': ,"8, ",'efficiency_EAT': ,"0.1658038993158042},",, {'DMU': ,"8, ",'efficiency_RDM_FDH': ,"0.6360544217687075},",, {'DMU': ,"8, ",'efficiency_RDM': ,"0.5158874017148953},"
 {'DMU': ,"9, ",'efficiency_EAT_FDH': ,"0.2225559367297817},",, {'DMU': ,"9, ",'efficiency_EAT': ,"0.07740331253836374},",, {'DMU': ,"9, ",'efficiency_RDM_FDH': ,"0.4812237394957982},",, {'DMU': ,"9, ",'efficiency_RDM': ,"0.25464139095180327},"
 {'DMU': ,"10,", 'efficiency_EAT_FDH':," 0.30468749999999956},",, {'DMU': ,"10,", 'efficiency_EAT':," 0.1802976408833039},",, {'DMU': ,"10,", 'efficiency_RDM_FDH':," 0.6048573907350695},",, {'DMU': ,"10,", 'efficiency_RDM':," 0.4200985517290927},"
 {'DMU': ,"11,", 'efficiency_EAT_FDH':," 0.2068015171447002},",, {'DMU': ,"11,", 'efficiency_EAT':," 0.12141659575950159},",, {'DMU': ,"11,", 'efficiency_RDM_FDH':," 0.4685598377278527},",, {'DMU': ,"11,", 'efficiency_RDM':," 0.38145448131579884},"
 {'DMU': ,"12,", 'efficiency_EAT_FDH':," 0.17061819459075545},",, {'DMU': ,"12,", 'efficiency_EAT':," 0.05624823838706916},",, {'DMU': ,"12,", 'efficiency_RDM_FDH':," 0.3354700854700625},",, {'DMU': ,"12,", 'efficiency_RDM':," 0.1612208056951745},"
 {'DMU': ,"13,", 'efficiency_EAT_FDH':," 0.22088068181818166},",, {'DMU': ,"13,", 'efficiency_EAT':," 0.06938223061543292},",, {'DMU': ,"13,", 'efficiency_RDM_FDH':," 0.34490740662750774},",, {'DMU': ,"13,", 'efficiency_RDM':," 0.17831810345259713},"
 {'DMU': ,"14,", 'efficiency_EAT_FDH':," 0.5506650008592971},",, {'DMU': ,"14,", 'efficiency_EAT':," 0.12537109286889225},",, {'DMU': ,"14,", 'efficiency_RDM_FDH':," 0.6080974842767295},",, {'DMU': ,"14,", 'efficiency_RDM':," 0.33161256133624284},"
 {'DMU': ,"15,", 'efficiency_EAT_FDH':," 0.2770408163265301},",, {'DMU': ,"15,", 'efficiency_EAT':," 0.13669655703970252},",, {'DMU': ,"15,", 'efficiency_RDM_FDH':," 0.5570175438596492},",, {'DMU': ,"15,", 'efficiency_RDM':," 0.272066655700984},"
 {'DMU': ,"16,", 'efficiency_EAT_FDH':," 0.14170804868559927},",, {'DMU': ,"16,", 'efficiency_EAT':," 0.09076126022547604},",, {'DMU': ,"16,", 'efficiency_RDM_FDH':," 0.35252656690522655},",, {'DMU': ,"16,", 'efficiency_RDM':," 0.20566053604268741},"
 {'DMU': ,"17,", 'efficiency_EAT_FDH':," 0.19193061840120662},",, {'DMU': ,"17,", 'efficiency_EAT':," 0.07771239069579439},",, {'DMU': ,"17,", 'efficiency_RDM_FDH':," 0.644927536231884},",, {'DMU': ,"17,", 'efficiency_RDM':," 0.24364367384752006},"
 {'DMU': ,"18,", 'efficiency_EAT_FDH':," 0.5478723404255319},",, {'DMU': ,"18,", 'efficiency_EAT':," 0.2855439752393988},",, {'DMU': ,"18,", 'efficiency_RDM_FDH':," 0.7152777777777778},",, {'DMU': ,"18,", 'efficiency_RDM':," 0.5318661814879302},"
 {'DMU': ,"19,", 'efficiency_EAT_FDH':," 0.5522388059701442},",, {'DMU': ,"19,", 'efficiency_EAT':," 0.09682172773868691},",, {'DMU': ,"19,", 'efficiency_RDM_FDH':," 0.6709401709393821},",, {'DMU': ,"19,", 'efficiency_RDM':," 0.32368324163628914},"
 {'DMU': ,"20,", 'efficiency_EAT_FDH':," 0.5543669571238451},",, {'DMU': ,"20,", 'efficiency_EAT':," 0.2219159857824029},",, {'DMU': ,"20,", 'efficiency_RDM_FDH':," 0.6257861635220126},",, {'DMU': ,"20,", 'efficiency_RDM':," 0.585217489804635},"
 {'DMU': ,"21,", 'efficiency_EAT_FDH':," 0.21666666666664902},",, {'DMU': ,"21,", 'efficiency_EAT':," 0.08768017902501923},",, {'DMU': ,"21,", 'efficiency_RDM_FDH':," 0.5340136054421765},",, {'DMU': ,"21,", 'efficiency_RDM':," 0.20827268428442203},"
 {'DMU': ,"22,", 'efficiency_EAT_FDH':," 0.16517323775388204},",, {'DMU': ,"22,", 'efficiency_EAT':," 0.08550633544525155},",, {'DMU': ,"22,", 'efficiency_RDM_FDH':," 0.3108465608465608},",, {'DMU': ,"22,", 'efficiency_RDM':," 0.19745904050085494},"
 {'DMU': ,"23,", 'efficiency_EAT_FDH':," 0.5624999999999997},",, {'DMU': ,"23,", 'efficiency_EAT':," 0.358146324846368},",, {'DMU': ,"23,", 'efficiency_RDM_FDH':," 0.8690476190476191},",, {'DMU': ,"23,", 'efficiency_RDM':," 0.455893525705122},"
 {'DMU': ,"24,", 'efficiency_EAT_FDH':," 0.349025974025974},",, {'DMU': ,"24,", 'efficiency_EAT':," 0.1266913919599928},",, {'DMU': ,"24,", 'efficiency_RDM_FDH':," 0.4754464285714285},",, {'DMU': ,"24,", 'efficiency_RDM':," 0.28587668247455533},"
 {'DMU': ,"25,", 'efficiency_EAT_FDH':," 0.3787087912087417},",, {'DMU': ,"25,", 'efficiency_EAT':," 0.19888843245945576},",, {'DMU': ,"25,", 'efficiency_RDM_FDH':," 0.548653030814429},",, {'DMU': ,"25,", 'efficiency_RDM':," 0.4204989544519959},"
 {'DMU': ,"26,", 'efficiency_EAT_FDH':," 0.2664331896551738},",, {'DMU': ,"26,", 'efficiency_EAT':," 0.08920162392768116},",, {'DMU': ,"26,", 'efficiency_RDM_FDH':," 0.4117259552038405},",, {'DMU': ,"26,", 'efficiency_RDM':," 0.20039001476280682},"
 {'DMU': ,"27,", 'efficiency_EAT_FDH':," 0.1331738437001566},",, {'DMU': ,"27,", 'efficiency_EAT':," 0.06290308575710024},",, {'DMU': ,"27,", 'efficiency_RDM_FDH':," 0.2894736842105263},",, {'DMU': ,"27,", 'efficiency_RDM':," 0.15570658599453602},"
 {'DMU': ,"28,", 'efficiency_EAT_FDH':," 0.17405952913393918},",, {'DMU': ,"28,", 'efficiency_EAT':," 0.12848570411125915},",, {'DMU': ,"28,", 'efficiency_RDM_FDH':," 0.5984848484847607},",, {'DMU': ,"28,", 'efficiency_RDM':," 0.3165471313751014},"
 {'DMU': ,"29,", 'efficiency_EAT_FDH':," 0.15634673614158312},",, {'DMU': ,"29,", 'efficiency_EAT':," 0.09013649439847815},",, {'DMU': ,"29,", 'efficiency_RDM_FDH':," 0.34109477124140275},",, {'DMU': ,"29,", 'efficiency_RDM':," 0.2603128824915989},"
 {'DMU': ,"30,", 'efficiency_EAT_FDH':," 0.17642466822794567},",, {'DMU': ,"30,", 'efficiency_EAT':," 0.06269746514278451},",, {'DMU': ,"30,", 'efficiency_RDM_FDH':," 0.2697044334975369},",, {'DMU': ,"30,", 'efficiency_RDM':," 0.16292520999113602},"
 {'DMU': ,"31,", 'efficiency_EAT_FDH':," 0.1526054590570265},",, {'DMU': ,"31,", 'efficiency_EAT':," 0.06571610293805352},",, {'DMU': ,"31,", 'efficiency_RDM_FDH':," 0.49946581196581175},",, {'DMU': ,"31,", 'efficiency_RDM':," 0.20121813809699218},"
 {'DMU': ,"32,", 'efficiency_EAT_FDH':," 0.22055229716520053},",, {'DMU': ,"32,", 'efficiency_EAT':," 0.0801125171825956},",, {'DMU': ,"32,", 'efficiency_RDM_FDH':," 0.3462162710488942},",, {'DMU': ,"32,", 'efficiency_RDM':," 0.1954109123101102},"
 {'DMU': ,"33,", 'efficiency_EAT_FDH':," 0.2437782805429728},",, {'DMU': ,"33,", 'efficiency_EAT':," 0.07533442224534082},",, {'DMU': ,"33,", 'efficiency_RDM_FDH':," 0.4254385964912253},",, {'DMU': ,"33,", 'efficiency_RDM':," 0.2015848224236525},"
 {'DMU': ,"34,", 'efficiency_EAT_FDH':," 0.1972222222221851},",, {'DMU': ,"34,", 'efficiency_EAT':," 0.09736116383006821},",, {'DMU': ,"34,", 'efficiency_RDM_FDH':," 0.37462462462462454},",, {'DMU': ,"34,", 'efficiency_RDM':," 0.22890685382175646},"
 {'DMU': ,"35,", 'efficiency_EAT_FDH':," 0.4249999999999998},",, {'DMU': ,"35,", 'efficiency_EAT':," 0.09381163758261435},",, {'DMU': ,"35,", 'efficiency_RDM_FDH':," 0.47395833333333337},",, {'DMU': ,"35,", 'efficiency_RDM':," 0.2504550003054835},"
 {'DMU': ,"36,", 'efficiency_EAT_FDH':," 0.15745554035564302},",, {'DMU': ,"36,", 'efficiency_EAT':," 0.05111730503608658},",, {'DMU': ,"36,", 'efficiency_RDM_FDH':," 0.2661053194333066},",, {'DMU': ,"36,", 'efficiency_RDM':," 0.15783098151529895},"
 {'DMU': ,"37,", 'efficiency_EAT_FDH':," 0.14473684210526316},",, {'DMU': ,"37,", 'efficiency_EAT':," 0.09647362153122407},",, {'DMU': ,"37,", 'efficiency_RDM_FDH':," 0.5796547821161855},",, {'DMU': ,"37,", 'efficiency_RDM':," 0.24356832160915687},"
 {'DMU': ,"38,", 'efficiency_EAT_FDH':," 0.24240963855421682},",, {'DMU': ,"38,", 'efficiency_EAT':," 0.10942595244018172},",, {'DMU': ,"38,", 'efficiency_RDM_FDH':," 0.44074074074072456},",, {'DMU': ,"38,", 'efficiency_RDM':," 0.29844909337074665},"
 {'DMU': ,"39,", 'efficiency_EAT_FDH':," 0.28999999982900004},",, {'DMU': ,"39,", 'efficiency_EAT':," 0.11663308831039498},",, {'DMU': ,"39,", 'efficiency_RDM_FDH':," 0.5103448275862068},",, {'DMU': ,"39,", 'efficiency_RDM':," 0.263823146224349},"
 {'DMU': ,"40,", 'efficiency_EAT_FDH':," 0.2000891265597149},",, {'DMU': ,"40,", 'efficiency_EAT':," 0.06670271380216053},",, {'DMU': ,"40,", 'efficiency_RDM_FDH':," 0.4505675954592364},",, {'DMU': ,"40,", 'efficiency_RDM':," 0.21416760983144245},"
 {'DMU': ,"41,", 'efficiency_EAT_FDH':," 0.12779958439154115},",, {'DMU': ,"41,", 'efficiency_EAT':," 0.07724257432259418},",, {'DMU': ,"41,", 'efficiency_RDM_FDH':," 0.6515151515146245},",, {'DMU': ,"41,", 'efficiency_RDM':," 0.2317407266962177},"
 {'DMU': ,"42,", 'efficiency_EAT_FDH':," 0.49822637369308853},",, {'DMU': ,"42,", 'efficiency_EAT':," 0.10227756628020357},",, {'DMU': ,"42,", 'efficiency_RDM_FDH':," 0.6169590643274854},",, {'DMU': ,"42,", 'efficiency_RDM':," 0.4541136891620414},"
 {'DMU': ,"43,", 'efficiency_EAT_FDH':," 0.5473684243691893},",, {'DMU': ,"43,", 'efficiency_EAT':," 0.3073624010421596},",, {'DMU': ,"43,", 'efficiency_RDM_FDH':," 0.921407907425259},",, {'DMU': ,"43,", 'efficiency_RDM':," 0.5806816359240443},"
 {'DMU': ,"44,", 'efficiency_EAT_FDH':," 0.23445122611648705},",, {'DMU': ,"44,", 'efficiency_EAT':," 0.16097968076384317},",, {'DMU': ,"44,", 'efficiency_RDM_FDH':," 0.4216944801026957},",, {'DMU': ,"44,", 'efficiency_RDM':," 0.3572098045182728},"
 {'DMU': ,"45,", 'efficiency_EAT_FDH':," 0.33333332868195586},",, {'DMU': ,"45,", 'efficiency_EAT':," 0.12025853367288641},",, {'DMU': ,"45,", 'efficiency_RDM_FDH':," 0.807017543859649},",, {'DMU': ,"45,", 'efficiency_RDM':," 0.35584297574722434},"
 {'DMU': ,"46,", 'efficiency_EAT_FDH':," 0.160377358490566},",, {'DMU': ,"46,", 'efficiency_EAT':," 0.07389325600768015},",, {'DMU': ,"46,", 'efficiency_RDM_FDH':," 0.4725870505570764},",, {'DMU': ,"46,", 'efficiency_RDM':," 0.2670425862711039},"
 {'DMU': ,"47,", 'efficiency_EAT_FDH':," 0.19404761904761902},",, {'DMU': ,"47,", 'efficiency_EAT':," 0.12250510720119157},",, {'DMU': ,"47,", 'efficiency_RDM_FDH':," 0.40476190476190477},",, {'DMU': ,"47,", 'efficiency_RDM':," 0.2743827620473721},"
 {'DMU': ,"48,", 'efficiency_EAT_FDH':," 0.17549923195084483},",, {'DMU': ,"48,", 'efficiency_EAT':," 0.06796460524221404},",, {'DMU': ,"48,", 'efficiency_RDM_FDH':," 0.4185606060606061},",, {'DMU': ,"48,", 'efficiency_RDM':," 0.17292759285388992},"
 {'DMU': ,"49,", 'efficiency_EAT_FDH':," 0.1405377980720337},",, {'DMU': ,"49,", 'efficiency_EAT':," 0.06559819508690501},",, {'DMU': ,"49,", 'efficiency_RDM_FDH':," 0.5428849902534113},",, {'DMU': ,"49,", 'efficiency_RDM':," 0.1899385951508228},"
 {'DMU': ,"50,", 'efficiency_EAT_FDH':," 0.3038461538461539},",, {'DMU': ,"50,", 'efficiency_EAT':," 0.1818018302884361},",, {'DMU': ,"50,", 'efficiency_RDM_FDH':," 0.8356481514494755},",, {'DMU': ,"50,", 'efficiency_RDM':," 0.5028892483976772},"
 {'DMU': ,"51,", 'efficiency_EAT_FDH':," 0.32666666666666666},",, {'DMU': ,"51,", 'efficiency_EAT':," 0.09283178657010116},",, {'DMU': ,"51,", 'efficiency_RDM_FDH':," 0.7672413793103449},",, {'DMU': ,"51,", 'efficiency_RDM':," 0.38358213630334104},"
 {'DMU': ,"52,", 'efficiency_EAT_FDH':," 0.1392592592592593},",, {'DMU': ,"52,", 'efficiency_EAT':," 0.09072927111853368},",, {'DMU': ,"52,", 'efficiency_RDM_FDH':," 0.5803212851405622},",, {'DMU': ,"52,", 'efficiency_RDM':," 0.2726670240701361},"
 {'DMU': ,"53,", 'efficiency_EAT_FDH':," 0.14178385667501447},",, {'DMU': ,"53,", 'efficiency_EAT':," 0.08311059330940429},",, {'DMU': ,"53,", 'efficiency_RDM_FDH':," 0.392773892773878},",, {'DMU': ,"53,", 'efficiency_RDM':," 0.20909914848491362},"
 {'DMU': ,"54,", 'efficiency_EAT_FDH':," 0.1684948979591837},",, {'DMU': ,"54,", 'efficiency_EAT':," 0.05765661244827314},",, {'DMU': ,"54,", 'efficiency_RDM_FDH':," 0.3648026315789473},",, {'DMU': ,"54,", 'efficiency_RDM':," 0.16695695705196423},"
 {'DMU': ,"55,", 'efficiency_EAT_FDH':," 0.1683238671478211},",, {'DMU': ,"55,", 'efficiency_EAT':," 0.06228719376942471},",, {'DMU': ,"55,", 'efficiency_RDM_FDH':," 0.33820346320346306},",, {'DMU': ,"55,", 'efficiency_RDM':," 0.18372003434686435},"
 {'DMU': ,"56,", 'efficiency_EAT_FDH':," 0.16917293233082709},",, {'DMU': ,"56,", 'efficiency_EAT':," 0.07106518751011581},",, {'DMU': ,"56,", 'efficiency_RDM_FDH':," 0.3115079365079365},",, {'DMU': ,"56,", 'efficiency_RDM':," 0.19402048291956064},"
 {'DMU': ,"57,", 'efficiency_EAT_FDH':," 0.19961240475115938},",, {'DMU': ,"57,", 'efficiency_EAT':," 0.09528288964301412},",, {'DMU': ,"57,", 'efficiency_RDM_FDH':," 0.6676136363631936},",, {'DMU': ,"57,", 'efficiency_RDM':," 0.29582738911274253},"
 {'DMU': ,"58,", 'efficiency_EAT_FDH':," 0.18403361344537816},",, {'DMU': ,"58,", 'efficiency_EAT':," 0.058385903560379315},",, {'DMU': ,"58,", 'efficiency_RDM_FDH':," 0.6666666666666667},",, {'DMU': ,"58,", 'efficiency_RDM':," 0.2548563210051188},"
 {'DMU': ,"59,", 'efficiency_EAT_FDH':," 0.3579545454545001},",, {'DMU': ,"59,", 'efficiency_EAT':," 0.07504449568483706},",, {'DMU': ,"59,", 'efficiency_RDM_FDH':," 0.6443452379596688},",, {'DMU': ,"59,", 'efficiency_RDM':," 0.2575049248139716},"
 {'DMU': ,"60,", 'efficiency_EAT_FDH':," 0.17299471963791813},",, {'DMU': ,"60,", 'efficiency_EAT':," 0.08410288768850094},",, {'DMU': ,"60,", 'efficiency_RDM_FDH':," 0.44695121951219474},",, {'DMU': ,"60,", 'efficiency_RDM':," 0.21107291413153262},"
 {'DMU': ,"61,", 'efficiency_EAT_FDH':," 0.522282608695599},",, {'DMU': ,"61,", 'efficiency_EAT':," 0.12131880676860685},",, {'DMU': ,"61,", 'efficiency_RDM_FDH':," 0.8940217391304348},",, {'DMU': ,"61,", 'efficiency_RDM':," 0.4561220898203536},"
 {'DMU': ,"62,", 'efficiency_EAT_FDH':," 0.15631929046562743},",, {'DMU': ,"62,", 'efficiency_EAT':," 0.07024533477087758},",, {'DMU': ,"62,", 'efficiency_RDM_FDH':," 0.5681818181818181},",, {'DMU': ,"62,", 'efficiency_RDM':," 0.23045311900226761},"
 {'DMU': ,"63,", 'efficiency_EAT_FDH':," 0.18450445304522678},",, {'DMU': ,"63,", 'efficiency_EAT':," 0.07115525479522611},",, {'DMU': ,"63,", 'efficiency_RDM_FDH':," 0.29500891265597073},",, {'DMU': ,"63,", 'efficiency_RDM':," 0.14534037909532205},"
 {'DMU': ,"64,", 'efficiency_EAT_FDH':," 0.23095238095238102},",, {'DMU': ,"64,", 'efficiency_EAT':," 0.14950626082002993},",, {'DMU': ,"64,", 'efficiency_RDM_FDH':," 0.548093971630991},",, {'DMU': ,"64,", 'efficiency_RDM':," 0.3293392828915147},"
 {'DMU': ,"65,", 'efficiency_EAT_FDH':," 0.19005847953216315},",, {'DMU': ,"65,", 'efficiency_EAT':," 0.07253813554008359},",, {'DMU': ,"65,", 'efficiency_RDM_FDH':," 0.4455624355005138},",, {'DMU': ,"65,", 'efficiency_RDM':," 0.18702948301416078},"
 {'DMU': ,"66,", 'efficiency_EAT_FDH':," 0.18268398268398278},",, {'DMU': ,"66,", 'efficiency_EAT':," 0.06524823390618151},",, {'DMU': ,"66,", 'efficiency_RDM_FDH':," 0.2573260073260073},",, {'DMU': ,"66,", 'efficiency_RDM':," 0.1597530613357745},"
 {'DMU': ,"67,", 'efficiency_EAT_FDH':," 0.2032902467685076},",, {'DMU': ,"67,", 'efficiency_EAT':," 0.10052489367812378},",, {'DMU': ,"67,", 'efficiency_RDM_FDH':," 0.4468729450089536},",, {'DMU': ,"67,", 'efficiency_RDM':," 0.21018434722127588},"
 {'DMU': ,"68,", 'efficiency_EAT_FDH':," 0.23427960927960934},",, {'DMU': ,"68,", 'efficiency_EAT':," 0.08759851077653358},",, {'DMU': ,"68,", 'efficiency_RDM_FDH':," 0.4263329263329263},",, {'DMU': ,"68,", 'efficiency_RDM':," 0.21154408830747884},"
 {'DMU': ,"69,", 'efficiency_EAT_FDH':," 0.20384615384613924},",, {'DMU': ,"69,", 'efficiency_EAT':," 0.07714162156527715},",, {'DMU': ,"69,", 'efficiency_RDM_FDH':," 0.3933222520434305},",, {'DMU': ,"69,", 'efficiency_RDM':," 0.2522286334112217},"
 {'DMU': ,"70,", 'efficiency_EAT_FDH':," 0.22947761194029892},",, {'DMU': ,"70,", 'efficiency_EAT':," 0.09128517837787287},",, {'DMU': ,"70,", 'efficiency_RDM_FDH':," 0.4086257309941521},",, {'DMU': ,"70,", 'efficiency_RDM':," 0.20193484625849956},"
 {'DMU': ,"71,", 'efficiency_EAT_FDH':," 0.42500000000000004},",, {'DMU': ,"71,", 'efficiency_EAT':," 0.15902205225936694},",, {'DMU': ,"71,", 'efficiency_RDM_FDH':," 1.0},",, {'DMU': ,"71,", 'efficiency_RDM':," 0.6071190356593199},"
 {'DMU': ,"72,", 'efficiency_EAT_FDH':," 0.3992504409171076},",, {'DMU': ,"72,", 'efficiency_EAT':," 0.16804781493449028},",, {'DMU': ,"72,", 'efficiency_RDM_FDH':," 0.4891975308641975},",, {'DMU': ,"72,", 'efficiency_RDM':," 0.3547481211556176},"
 {'DMU': ,"73,", 'efficiency_EAT_FDH':," 0.5460526315789098},",, {'DMU': ,"73,", 'efficiency_EAT':," 0.08293443085085639},",, {'DMU': ,"73,", 'efficiency_RDM_FDH':," 0.787037037037037},",, {'DMU': ,"73,", 'efficiency_RDM':," 0.3773185604432876},"
 {'DMU': ,"74,", 'efficiency_EAT_FDH':," 0.1590909090908481},",, {'DMU': ,"74,", 'efficiency_EAT':," 0.09328374167316544},",, {'DMU': ,"74,", 'efficiency_RDM_FDH':," 0.630081300813008},",, {'DMU': ,"74,", 'efficiency_RDM':," 0.27266926790582346},"
 {'DMU': ,"75,", 'efficiency_EAT_FDH':," 0.1959498834498834},",, {'DMU': ,"75,", 'efficiency_EAT':," 0.07167943170577729},",, {'DMU': ,"75,", 'efficiency_RDM_FDH':," 0.3783080498319693},",, {'DMU': ,"75,", 'efficiency_RDM':," 0.18141280808523308},"
 {'DMU': ,"76,", 'efficiency_EAT_FDH':," 0.20714285714284397},",, {'DMU': ,"76,", 'efficiency_EAT':," 0.11266288137030922},",, {'DMU': ,"76,", 'efficiency_RDM_FDH':," 0.35628019323665827},",, {'DMU': ,"76,", 'efficiency_RDM':," 0.2228508728494274},"
 {'DMU': ,"77,", 'efficiency_EAT_FDH':," 0.19226830517148463},",, {'DMU': ,"77,", 'efficiency_EAT':," 0.11328796450493206},",, {'DMU': ,"77,", 'efficiency_RDM_FDH':," 0.6458333333333335},",, {'DMU': ,"77,", 'efficiency_RDM':," 0.3815416184158724},"
 {'DMU': ,"78,", 'efficiency_EAT_FDH':," 0.17142857142855816},",, {'DMU': ,"78,", 'efficiency_EAT':," 0.11079949875510775},",, {'DMU': ,"78,", 'efficiency_RDM_FDH':," 0.36809523809523803},",, {'DMU': ,"78,", 'efficiency_RDM':," 0.25347025819769287},"
 {'DMU': ,"79,", 'efficiency_EAT_FDH':," 0.3464052287581699},",, {'DMU': ,"79,", 'efficiency_EAT':," 0.0939262804905987},",, {'DMU': ,"79,", 'efficiency_RDM_FDH':," 0.6904761904761905},",, {'DMU': ,"79,", 'efficiency_RDM':," 0.2722033748933367},"
 {'DMU': ,"80,", 'efficiency_EAT_FDH':," 0.1569444444444037},",, {'DMU': ,"80,", 'efficiency_EAT':," 0.0614294276760885},",, {'DMU': ,"80,", 'efficiency_RDM_FDH':," 0.3581018491098662},",, {'DMU': ,"80,", 'efficiency_RDM':," 0.17769407047911},"
 {'DMU': ,"81,", 'efficiency_EAT_FDH':," 0.29038461538461546},",, {'DMU': ,"81,", 'efficiency_EAT':," 0.1366347410314417},",, {'DMU': ,"81,", 'efficiency_RDM_FDH':," 0.5610119047619048},",, {'DMU': ,"81,", 'efficiency_RDM':," 0.26762336996634406},"
 {'DMU': ,"82,", 'efficiency_EAT_FDH':," 0.2626288659793745},",, {'DMU': ,"82,", 'efficiency_EAT':," 0.1308856730692063},",, {'DMU': ,"82,", 'efficiency_RDM_FDH':," 0.6111111111111112},",, {'DMU': ,"82,", 'efficiency_RDM':," 0.31596613733818135},"
 {'DMU': ,"83,", 'efficiency_EAT_FDH':," 0.5118852475593363},",, {'DMU': ,"83,", 'efficiency_EAT':," 0.47518719393081155},",, {'DMU': ,"83,", 'efficiency_RDM_FDH':," 0.5938967136150235},",, {'DMU': ,"83,", 'efficiency_RDM':," 0.5710091531481586},"
 {'DMU': ,"84,", 'efficiency_EAT_FDH':," 0.2017006815033071},",, {'DMU': ,"84,", 'efficiency_EAT':," 0.11216470790039057},",, {'DMU': ,"84,", 'efficiency_RDM_FDH':," 0.49044850498338544},",, {'DMU': ,"84,", 'efficiency_RDM':," 0.2628189605140141},"
 {'DMU': ,"85,", 'efficiency_EAT_FDH':," 0.16869918699181752},",, {'DMU': ,"85,", 'efficiency_EAT':," 0.07736904116121546},",, {'DMU': ,"85,", 'efficiency_RDM_FDH':," 0.23413070669141467},",, {'DMU': ,"85,", 'efficiency_RDM':," 0.16349510011029367},"
 {'DMU': ,"86,", 'efficiency_EAT_FDH':," 0.31617647058823506},",, {'DMU': ,"86,", 'efficiency_EAT':," 0.08236499083993598},",, {'DMU': ,"86,", 'efficiency_RDM_FDH':," 0.5522466039707418},",, {'DMU': ,"86,", 'efficiency_RDM':," 0.2186328553368999},"
 {'DMU': ,"87,", 'efficiency_EAT_FDH':," 0.1933797909407493},",, {'DMU': ,"87,", 'efficiency_EAT':," 0.08736742868295932},",, {'DMU': ,"87,", 'efficiency_RDM_FDH':," 0.27758420441347265},",, {'DMU': ,"87,", 'efficiency_RDM':," 0.1953956894539195},"
 {'DMU': ,"88,", 'efficiency_EAT_FDH':," 0.13505747126436796},",, {'DMU': ,"88,", 'efficiency_EAT':," 0.07388031204847634},",, {'DMU': ,"88,", 'efficiency_RDM_FDH':," 0.23028455284526073},",, {'DMU': ,"88,", 'efficiency_RDM':," 0.1763617128163849},"
 {'DMU': ,"89,", 'efficiency_EAT_FDH':," 0.22154471544715448},",, {'DMU': ,"89,", 'efficiency_EAT':," 0.06542513186891408},",, {'DMU': ,"89,", 'efficiency_RDM_FDH':," 0.34487179487179487},",, {'DMU': ,"89,", 'efficiency_RDM':," 0.16726812810963332},"
 {'DMU': ,"90,", 'efficiency_EAT_FDH':," 0.16780045351473016},",, {'DMU': ,"90,", 'efficiency_EAT':," 0.0799442440769158},",, {'DMU': ,"90,", 'efficiency_RDM_FDH':," 0.41258694489031567},",, {'DMU': ,"90,", 'efficiency_RDM':," 0.18198495353743727},"
 {'DMU': ,"91,", 'efficiency_EAT_FDH':," 0.27518918918918933},",, {'DMU': ,"91,", 'efficiency_EAT':," 0.11513006614360144},",, {'DMU': ,"91,", 'efficiency_RDM_FDH':," 0.46212121212121215},",, {'DMU': ,"91,", 'efficiency_RDM':," 0.2228086203051569},"
 {'DMU': ,"92,", 'efficiency_EAT_FDH':," 0.3267304189435337},",, {'DMU': ,"92,", 'efficiency_EAT':," 0.10020881779859614},",, {'DMU': ,"92,", 'efficiency_RDM_FDH':," 0.6666666666666666},",, {'DMU': ,"92,", 'efficiency_RDM':," 0.29148287648898585},"
 {'DMU': ,"93,", 'efficiency_EAT_FDH':," 0.20354729729729737},",, {'DMU': ,"93,", 'efficiency_EAT':," 0.06147437367422648},",, {'DMU': ,"93,", 'efficiency_RDM_FDH':," 0.9166666666666666},",, {'DMU': ,"93,", 'efficiency_RDM':," 0.3186272488165247},"
 {'DMU': ,"94,", 'efficiency_EAT_FDH':," 0.13701923408283878},",, {'DMU': ,"94,", 'efficiency_EAT':," 0.07849803450552273},",, {'DMU': ,"94,", 'efficiency_RDM_FDH':," 0.5416666683166302},",, {'DMU': ,"94,", 'efficiency_RDM':," 0.24583522049430373},"
 {'DMU': ,"95,", 'efficiency_EAT_FDH':," 0.6125000049516067},",, {'DMU': ,"95,", 'efficiency_EAT':," 0.5227668140156401},",, {'DMU': ,"95,", 'efficiency_RDM_FDH':," 1.0},",, {'DMU': ,"95,", 'efficiency_RDM':," 0.7183518848085466},"
 {'DMU': ,"96,", 'efficiency_EAT_FDH':," 0.17561374795415952},",, {'DMU': ,"96,", 'efficiency_EAT':," 0.10066931265304135},",, {'DMU': ,"96,", 'efficiency_RDM_FDH':," 0.33829787234039954},",, {'DMU': ,"96,", 'efficiency_RDM':," 0.23422593092427246},"
 {'DMU': ,"97,", 'efficiency_EAT_FDH':," 0.29547228727557084},",, {'DMU': ,"97,", 'efficiency_EAT':," 0.08182009599233397},",, {'DMU': ,"97,", 'efficiency_RDM_FDH':," 0.6458333333339976},",, {'DMU': ,"97,", 'efficiency_RDM':," 0.27424693058296756},"
 {'DMU': ,"98,", 'efficiency_EAT_FDH':," 0.27155172413793105},",, {'DMU': ,"98,", 'efficiency_EAT':," 0.10867055223362265},",, {'DMU': ,"98,", 'efficiency_RDM_FDH':," 0.4007936507936507},",, {'DMU': ,"98,", 'efficiency_RDM':," 0.21352258033193272},"
 {'DMU': ,"99,", 'efficiency_EAT_FDH':," 0.18749999999999978},",, {'DMU': ,"99,", 'efficiency_EAT':," 0.07456717354436115},",, {'DMU': ,"99,", 'efficiency_RDM_FDH':," 0.3934937611403817},",, {'DMU': ,"99,", 'efficiency_RDM':," 0.16894572188200319},"
 {'DMU': ,100,", 'efficiency_EAT_FDH'",": 0.19277108433734935},",, {'DMU': ,100,", 'efficiency_EAT'",": 0.1588227252512212},",, {'DMU': ,100,", 'efficiency_RDM_FDH'",": 0.433734939759034},",, {'DMU': ,100,", 'efficiency_RDM'",": 0.2830662031281407},"
 {'DMU': ,101,", 'efficiency_EAT_FDH'",": 1.0},",, {'DMU': ,101,", 'efficiency_EAT'",": 0.6339869281045751},",, {'DMU': ,101,", 'efficiency_RDM_FDH'",": 1.0},",, {'DMU': ,101,", 'efficiency_RDM'",": 1.0},"
 {'DMU': ,102,", 'efficiency_EAT_FDH'",": 1.0},",, {'DMU': ,102,", 'efficiency_EAT'",": 1.0},",, {'DMU': ,102,", 'efficiency_RDM_FDH'",": 1.0},",, {'DMU': ,102,", 'efficiency_RDM'",": 1.0},"
 {'DMU': ,103,", 'efficiency_EAT_FDH'",": 0.23684210526315586},",, {'DMU': ,103,", 'efficiency_EAT'",": 0.22109819717179902},",, {'DMU': ,103,", 'efficiency_RDM_FDH'",": 0.7},",, {'DMU': ,103,", 'efficiency_RDM'",": 0.4595322980240498},"
 {'DMU': ,104,", 'efficiency_EAT_FDH'",": 0.5428571428571429},",, {'DMU': ,104,", 'efficiency_EAT'",": 0.32221522970421657},",, {'DMU': ,104,", 'efficiency_RDM_FDH'",": 1.0},",, {'DMU': ,104,", 'efficiency_RDM'",": 0.8377083310384332},"
 {'DMU': ,105,", 'efficiency_EAT_FDH'",": 1.0},",, {'DMU': ,105,", 'efficiency_EAT'",": 0.990936555891239},",, {'DMU': ,105,", 'efficiency_RDM_FDH'",": 1.0},",, {'DMU': ,105,", 'efficiency_RDM'",": 1.0},"
 {'DMU': ,106,", 'efficiency_EAT_FDH'",": 0.48484848484848486},",, {'DMU': ,106,", 'efficiency_EAT'",": 0.4008612970994553},",, {'DMU': ,106,", 'efficiency_RDM_FDH'",": 1.0},",, {'DMU': ,106,", 'efficiency_RDM'",": 0.695512204936849},"
 {'DMU': ,107,", 'efficiency_EAT_FDH'",": 0.4819277108433735},",, {'DMU': ,107,", 'efficiency_EAT'",": 0.2709200520441857},",, {'DMU': ,107,", 'efficiency_RDM_FDH'",": 0.5185185185185184},",, {'DMU': ,107,", 'efficiency_RDM'",": 0.45746459894849556},"
 {'DMU': ,108,", 'efficiency_EAT_FDH'",": 0.5},",, {'DMU': ,108,", 'efficiency_EAT'",": 0.4099999999999998},",, {'DMU': ,108,", 'efficiency_RDM_FDH'",": 1.0},",, {'DMU': ,108,", 'efficiency_RDM'",": 0.7253304847109096},"
 {'DMU': ,109,", 'efficiency_EAT_FDH'",": 0.4057971014492754},",, {'DMU': ,109,", 'efficiency_EAT'",": 0.3526859371678639},",, {'DMU': ,109,", 'efficiency_RDM_FDH'",": 0.4057971014492754},",, {'DMU': ,109,", 'efficiency_RDM'",": 0.3664818820984316},"
 {'DMU': ,110,", 'efficiency_EAT_FDH'",": 0.4691358024691358},",, {'DMU': ,110,", 'efficiency_EAT'",": 0.264060279004239},",, {'DMU': ,110,", 'efficiency_RDM_FDH'",": 0.8714285714285714},",, {'DMU': ,110,", 'efficiency_RDM'",": 0.6185630739448362},"
 {'DMU': ,111,", 'efficiency_EAT_FDH'",": 1.0},",, {'DMU': ,111,", 'efficiency_EAT'",": 0.9968059622038862},",, {'DMU': ,111,", 'efficiency_RDM_FDH'",": 1.0},",, {'DMU': ,111,", 'efficiency_RDM'",": 1.0},"
 {'DMU': ,112,", 'efficiency_EAT_FDH'",": 0.3835616438356164},",, {'DMU': ,112,", 'efficiency_EAT'",": 0.21110254965326103},",, {'DMU': ,112,", 'efficiency_RDM_FDH'",": 0.3835616438356164},",, {'DMU': ,112,", 'efficiency_RDM'",": 0.34529447287289816},"
 {'DMU': ,113,", 'efficiency_EAT_FDH'",": 0.25806451612903225},",, {'DMU': ,113,", 'efficiency_EAT'",": 0.16875418300028666},",, {'DMU': ,113,", 'efficiency_RDM_FDH'",": 0.3373493975903614},",, {'DMU': ,113,", 'efficiency_RDM'",": 0.24456429106649547},"
 {'DMU': ,114,", 'efficiency_EAT_FDH'",": 0.2962962962962963},",, {'DMU': ,114,", 'efficiency_EAT'",": 0.16164768624356696},",, {'DMU': ,114,", 'efficiency_RDM_FDH'",": 0.5652173913043472},",, {'DMU': ,114,", 'efficiency_RDM'",": 0.4391378888072496},"
 {'DMU': ,115,", 'efficiency_EAT_FDH'",": 1.0},",, {'DMU': ,115,", 'efficiency_EAT'",": 0.9065420560747665},",, {'DMU': ,115,", 'efficiency_RDM_FDH'",": 1.0},",, {'DMU': ,115,", 'efficiency_RDM'",": 1.0},"
 {'DMU': ,116,", 'efficiency_EAT_FDH'",": 0.6},",, {'DMU': ,116,", 'efficiency_EAT'",": 0.5369003690036901},",, {'DMU': ,116,", 'efficiency_RDM_FDH'",": 1.0},",, {'DMU': ,116,", 'efficiency_RDM'",": 1.0},"
 {'DMU': ,117,", 'efficiency_EAT_FDH'",": 0.5714285714285714},",, {'DMU': ,117,", 'efficiency_EAT'",": 0.37871228836740845},",, {'DMU': ,117,", 'efficiency_RDM_FDH'",": 1.0},",, {'DMU': ,117,", 'efficiency_RDM'",": 0.5775771175214252},"
 {'DMU': ,118,", 'efficiency_EAT_FDH'",": 0.6666666666666667},",, {'DMU': ,118,", 'efficiency_EAT'",": 0.37326847837580635},",, {'DMU': ,118,", 'efficiency_RDM_FDH'",": 0.9508196721311475},",, {'DMU': ,118,", 'efficiency_RDM'",": 0.5851601634336456},"
 {'DMU': ,119,", 'efficiency_EAT_FDH'",": 0.16842105263157892},",, {'DMU': ,119,", 'efficiency_EAT'",": 0.1305530939148717},",, {'DMU': ,119,", 'efficiency_RDM_FDH'",": 0.28},",, {'DMU': ,119,", 'efficiency_RDM'",": 0.2230473676492153},"
 {'DMU': ,120,", 'efficiency_EAT_FDH'",": 0.368421052631579},",, {'DMU': ,120,", 'efficiency_EAT'",": 0.27234409151948125},",, {'DMU': ,120,", 'efficiency_RDM_FDH'",": 0.5263157894736843},",, {'DMU': ,120,", 'efficiency_RDM'",": 0.4260744335411324},"
 {'DMU': ,121,", 'efficiency_EAT_FDH'",": 1.0},",, {'DMU': ,121,", 'efficiency_EAT'",": 0.955223880597015},",, {'DMU': ,121,", 'efficiency_RDM_FDH'",": 1.0},",, {'DMU': ,121,", 'efficiency_RDM'",": 1.0},"
 {'DMU': ,122,", 'efficiency_EAT_FDH'",": 0.5833333333333333},",, {'DMU': ,122,", 'efficiency_EAT'",": 0.34662321441584343},",, {'DMU': ,122,", 'efficiency_RDM_FDH'",": 0.8333333333333334},",, {'DMU': ,122,", 'efficiency_RDM'",": 0.5218347943904671},"
 {'DMU': ,123,", 'efficiency_EAT_FDH'",": 1.0},",, {'DMU': ,123,", 'efficiency_EAT'",": 0.6419248990582962},",, {'DMU': ,123,", 'efficiency_RDM_FDH'",": 1.0},",, {'DMU': ,123,", 'efficiency_RDM'",": 1.0},"
 {'DMU': ,124,", 'efficiency_EAT_FDH'",": 1.0},",, {'DMU': ,124,", 'efficiency_EAT'",": 1.0},",, {'DMU': ,124,", 'efficiency_RDM_FDH'",": 1.0},",, {'DMU': ,124,", 'efficiency_RDM'",": 1.0},"
 {'DMU': ,125,", 'efficiency_EAT_FDH'",": 0.5},",, {'DMU': ,125,", 'efficiency_EAT'",": 0.4515573911547067},",, {'DMU': ,125,", 'efficiency_RDM_FDH'",": 1.0},",, {'DMU': ,125,", 'efficiency_RDM'",": 0.6694667993350523},"
 {'DMU': ,126,", 'efficiency_EAT_FDH'",": 0.23188405797101452},",, {'DMU': ,126,", 'efficiency_EAT'",": 0.16026877936936723},",, {'DMU': ,126,", 'efficiency_RDM_FDH'",": 0.32499999999999996},",, {'DMU': ,126,", 'efficiency_RDM'",": 0.3102935068531081},"
 {'DMU': ,127,", 'efficiency_EAT_FDH'",": 0.3902439024390244},",, {'DMU': ,127,", 'efficiency_EAT'",": 0.2492538407849677},",, {'DMU': ,127,", 'efficiency_RDM_FDH'",": 0.7000000000000001},",, {'DMU': ,127,", 'efficiency_RDM'",": 0.5174107689586198},"
 {'DMU': ,128,", 'efficiency_EAT_FDH'",": 0.4347826086956522},",, {'DMU': ,128,", 'efficiency_EAT'",": 0.29296785223801125},",, {'DMU': ,128,", 'efficiency_RDM_FDH'",": 0.8484848484848485},",, {'DMU': ,128,", 'efficiency_RDM'",": 0.5422059793919092},"
 {'DMU': ,129,", 'efficiency_EAT_FDH'",": 1.0},",, {'DMU': ,129,", 'efficiency_EAT'",": 0.5843373493975901},",, {'DMU': ,129,", 'efficiency_RDM_FDH'",": 1.0},",, {'DMU': ,129,", 'efficiency_RDM'",": 1.0},"
 {'DMU': ,130,", 'efficiency_EAT_FDH'",": 0.4516129032258065},",, {'DMU': ,130,", 'efficiency_EAT'",": 0.33097250670744005},",, {'DMU': ,130,", 'efficiency_RDM_FDH'",": 0.4516129032258064},",, {'DMU': ,130,", 'efficiency_RDM'",": 0.3981838911077581},"
 {'DMU': ,131,", 'efficiency_EAT_FDH'",": 0.4666666666666667},",, {'DMU': ,131,", 'efficiency_EAT'",": 0.33640213058684887},",, {'DMU': ,131,", 'efficiency_RDM_FDH'",": 0.9285714285714286},",, {'DMU': ,131,", 'efficiency_RDM'",": 0.5929210621074112},"
 {'DMU': ,132,", 'efficiency_EAT_FDH'",": 1.0},",, {'DMU': ,132,", 'efficiency_EAT'",": 0.9111111111111112},",, {'DMU': ,132,", 'efficiency_RDM_FDH'",": 1.0},",, {'DMU': ,132,", 'efficiency_RDM'",": 1.0},"
 {'DMU': ,133,", 'efficiency_EAT_FDH'",": 0.4590163934426229},",, {'DMU': ,133,", 'efficiency_EAT'",": 0.3293016299762912},",, {'DMU': ,133,", 'efficiency_RDM_FDH'",": 0.4590163934426228},",, {'DMU': ,133,", 'efficiency_RDM'",": 0.40690561080878207},"
 {'DMU': ,134,", 'efficiency_EAT_FDH'",": 0.6666666666666665},",, {'DMU': ,134,", 'efficiency_EAT'",": 0.37161747435357073},",, {'DMU': ,134,", 'efficiency_RDM_FDH'",": 0.6666666666666667},",, {'DMU': ,134,", 'efficiency_RDM'",": 0.5006051437216337},"
 {'DMU': ,135,", 'efficiency_EAT_FDH'",": 0.5},",, {'DMU': ,135,", 'efficiency_EAT'",": 0.28599624933276857},",, {'DMU': ,135,", 'efficiency_RDM_FDH'",": 0.5},",, {'DMU': ,135,", 'efficiency_RDM'",": 0.4793814432989687},"
 {'DMU': ,136,", 'efficiency_EAT_FDH'",": 0.4347826086956522},",, {'DMU': ,136,", 'efficiency_EAT'",": 0.2447589945324482},",, {'DMU': ,136,", 'efficiency_RDM_FDH'",": 0.49122807017543857},",, {'DMU': ,136,", 'efficiency_RDM'",": 0.3309323543535171},"
 {'DMU': ,137,", 'efficiency_EAT_FDH'",": 0.2191780821917808},",, {'DMU': ,137,", 'efficiency_EAT'",": 0.16361665244203516},",, {'DMU': ,137,", 'efficiency_RDM_FDH'",": 0.8958333333333334},",, {'DMU': ,137,", 'efficiency_RDM'",": 0.5861775859814304},"
 {'DMU': ,138,", 'efficiency_EAT_FDH'",": 0.23188405797101452},",, {'DMU': ,138,", 'efficiency_EAT'",": 0.1795998238833717},",, {'DMU': ,138,", 'efficiency_RDM_FDH'",": 0.4901960784313726},",, {'DMU': ,138,", 'efficiency_RDM'",": 0.2987957487770858},"
 {'DMU': ,139,", 'efficiency_EAT_FDH'",": 0.36363636363636365},",, {'DMU': ,139,", 'efficiency_EAT'",": 0.23440565053996554},",, {'DMU': ,139,", 'efficiency_RDM_FDH'",": 0.36363636363634033},",, {'DMU': ,139,", 'efficiency_RDM'",": 0.33274674443159524},"
 {'DMU': ,140,", 'efficiency_EAT_FDH'",": 1.0},",, {'DMU': ,140,", 'efficiency_EAT'",": 0.7150051492473135},",, {'DMU': ,140,", 'efficiency_RDM_FDH'",": 1.0},",, {'DMU': ,140,", 'efficiency_RDM'",": 1.0},"
 {'DMU': ,141,", 'efficiency_EAT_FDH'",": 0.22857142857142854},",, {'DMU': ,141,", 'efficiency_EAT'",": 0.15670298824983686},",, {'DMU': ,141,", 'efficiency_RDM_FDH'",": 0.4117647058823528},",, {'DMU': ,141,", 'efficiency_RDM'",": 0.27797353607719866},"
 {'DMU': ,142,", 'efficiency_EAT_FDH'",": 0.4301075268817204},",, {'DMU': ,142,", 'efficiency_EAT'",": 0.25409025704648547},",, {'DMU': ,142,", 'efficiency_RDM_FDH'",": 0.4590163934426229},",, {'DMU': ,142,", 'efficiency_RDM'",": 0.4004423534704129},"
 {'DMU': ,143,", 'efficiency_EAT_FDH'",": 1.0},",, {'DMU': ,143,", 'efficiency_EAT'",": 1.0},",, {'DMU': ,143,", 'efficiency_RDM_FDH'",": 1.0},",, {'DMU': ,143,", 'efficiency_RDM'",": 1.0},"
 {'DMU': ,144,", 'efficiency_EAT_FDH'",": 0.31999999999999995},",, {'DMU': ,144,", 'efficiency_EAT'",": 0.2143068614539626},",, {'DMU': ,144,", 'efficiency_RDM_FDH'",": 0.7264740042358289},",, {'DMU': ,144,", 'efficiency_RDM'",": 0.45024659123875843},"
 {'DMU': ,145,", 'efficiency_EAT_FDH'",": 0.6666666666666667},",, {'DMU': ,145,", 'efficiency_EAT'",": 0.45428807085617584},",, {'DMU': ,145,", 'efficiency_RDM_FDH'",": 0.6666666666666667},",, {'DMU': ,145,", 'efficiency_RDM'",": 0.5692233843666312},"
 {'DMU': ,146,", 'efficiency_EAT_FDH'",": 0.33743081662488894},",, {'DMU': ,146,", 'efficiency_EAT'",": 0.1894112936845017},",, {'DMU': ,146,", 'efficiency_RDM_FDH'",": 0.4},",, {'DMU': ,146,", 'efficiency_RDM'",": 0.34729871671918544},"
 {'DMU': ,147,", 'efficiency_EAT_FDH'",": 0.3902439024390244},",, {'DMU': ,147,", 'efficiency_EAT'",": 0.31071065041721635},",, {'DMU': ,147,", 'efficiency_RDM_FDH'",": 0.9285714285714286},",, {'DMU': ,147,", 'efficiency_RDM'",": 0.5631281407035177},"
 {'DMU': ,148,", 'efficiency_EAT_FDH'",": 1.0},",, {'DMU': ,148,", 'efficiency_EAT'",": 0.904411764705882},",, {'DMU': ,148,", 'efficiency_RDM_FDH'",": 1.0},",, {'DMU': ,148,", 'efficiency_RDM'",": 1.0},"
 {'DMU': ,149,", 'efficiency_EAT_FDH'",: 0.47058823529411764}],, {'DMU': ,149,", 'efficiency_EAT'",: 0.26361291582654045}],, {'DMU': ,149,", 'efficiency_RDM_FDH'",: 0.7532467532467533}],, {'DMU': ,149,", 'efficiency_RDM'",: 0.43154657193766954}]